"ID","Description","GeneRatio","BgRatio","pvalue","p.adjust","qvalue","geneID","Count"
"EGFR_UP.V1_UP","EGFR_UP.V1_UP","EGFR_UP.V1_UP","160/5109","192/10922",3.8108241470018e-26,7.20245763783341e-24,5.13458411385506e-24,"7035/3675/3097/5238/23034/211/2730/9497/25897/116984/6558/6416/2261/602/51083/5873/55062/11320/10644/11343/64778/22978/4791/3566/1906/55604/93664/3383/23231/7042/9517/9766/10484/655/6367/23406/57214/6674/64089/7138/8714/1594/2004/1839/7474/868/3694/3554/2034/1490/22936/23433/8835/1846/3624/27161/6310/3659/3895/81537/3976/112399/6303/9590/5791/4017/23175/3601/29109/55332/64759/9314/7280/6386/58472/1545/1847/316/22822/1848/10161/10150/5366/6004/9015/6279/51097/7851/4026/10184/25816/27242/1956/55790/133/10205/84159/23657/9456/2697/7804/2114/1827/3099/2634/23528/824/6280/9076/6286/3673/2150/4982/4783/5277/840/56935/4319/51129/6890/3790/3726/2266/2244/5031/3669/9915/27289/2745/2/56892/6197/9582/55076/2131/25825/5142/80757/151011/84981/2650/4128/4312/9260/4217/5167/30001/65124/444/9060/10479/2710/259230/11138/5699/3887/1052/3995/26286/2119",160
"ERBB2_UP.V1_UP","ERBB2_UP.V1_UP","ERBB2_UP.V1_UP","155/5109","190/10922",1.99815858298571e-23,1.88825986092149e-21,1.34612788748511e-21,"58473/55885/23596/10076/22998/6558/9351/602/55062/11320/8974/4854/1906/93664/22924/43/8760/79153/57214/10397/665/3783/53635/7138/333/1048/50617/57037/8729/5878/8714/25979/230/2026/23530/5144/7903/604/2771/7433/3694/3554/2034/8564/79695/5507/4488/1846/1475/7852/6310/6662/7408/81537/4016/112399/64097/2258/2593/6303/51337/9518/54858/80328/23180/6533/2330/5791/3691/23508/79679/9415/9764/55619/55332/5100/6386/1545/22891/83464/658/1848/1543/51097/2052/7851/27242/10957/5631/55790/56904/726/10205/1646/831/375056/9337/3778/5097/8659/9619/2264/4041/55450/79762/824/6286/23462/4982/360/29763/4597/51129/10963/25849/3576/50515/5734/6919/3913/94009/9915/6712/55690/4642/56475/767/64856/9582/168544/64764/25825/439921/253190/5142/151011/4059/4128/27010/309/5265/81031/6277/57016/51170/444/9060/10479/11138/3887/542767/8705/105375355/2119/3217",155
"MEK_UP.V1_UP","MEK_UP.V1_UP","MEK_UP.V1_UP","157/5109","195/10922",1.46018061024093e-22,9.19913784451787e-21,6.55800414423997e-21,"79007/5166/4293/3730/23034/2273/5583/7077/26064/23596/10076/22998/6558/2261/602/51083/10644/22978/3566/1906/93664/29888/1384/9517/655/11151/23406/57214/6674/3783/53635/1048/5878/8714/6484/397/2026/4739/5754/868/2034/23266/22936/79695/9870/55640/1846/7852/5328/6310/10257/7408/81537/5447/8910/4016/112399/51337/9518/80328/23180/6533/5468/5791/3691/9645/8650/23508/9415/51280/79616/3915/64759/9314/7280/6386/6653/56649/23650/1545/1543/1969/79180/51097/2052/7851/54491/25816/27242/2041/55790/56904/133/726/10205/23657/1646/5097/7804/116987/8659/10020/9619/11182/4041/55450/79762/824/55765/6286/2150/4982/360/29763/51129/10963/25849/10736/5569/50515/5734/2244/254102/6712/55690/9537/8061/2877/4642/64856/10331/25825/439921/151011/2650/4059/347/1364/4128/8644/9260/81031/4644/30001/6277/57016/444/10479/9578/3897/11138/3887/2878/9080/23089/105375355/2119",157
"LTE2_UP.V1_UP","LTE2_UP.V1_UP","LTE2_UP.V1_UP","142/5109","188/10922",5.13318042615361e-16,2.42542775135758e-14,1.72907130144122e-14,"30845/2730/5583/27067/23596/26999/6646/6558/65055/5873/4925/11320/8974/1906/5236/2036/1808/26517/5427/1033/2954/9517/51635/9252/10484/4318/655/5332/83752/79152/23475/51760/57214/665/53635/7138/50617/57037/6019/8714/10090/9749/3157/3488/3554/2034/8564/9429/79695/23433/5507/80129/1846/7852/51141/81537/80328/9590/54869/23180/55556/54453/694/8650/4212/3158/79679/1824/51280/5025/26298/2001/55332/64759/8836/6386/6653/1545/316/51228/4857/90141/6652/11322/8543/8560/2052/10957/2631/1730/5631/55790/55286/1836/55005/9630/7804/9334/1827/8659/2264/80150/79762/134/4982/360/23588/7083/55872/5867/9022/50515/5734/28998/94009/11163/3265/8541/51806/64764/25825/5121/253190/5627/151011/2650/4128/309/5265/4217/81031/4644/23303/4155/65124/444/10479/10497/9867/11138/2878/9936",142
"RAF_UP.V1_DN","RAF_UP.V1_DN","RAF_UP.V1_DN","140/5109","193/10922",2.16003175749339e-13,8.164920043325e-12,5.82071715703481e-12,"7035/6542/4254/2581/5165/54847/771/2239/28962/5241/57613/22996/7042/55105/54566/25805/3983/11083/5332/51340/28952/6445/5157/54332/857/10551/6505/1955/9562/22943/8030/56521/5376/1363/7358/595/4256/23329/202/2690/8614/2820/3485/3488/3398/8942/390/57535/4602/23314/5507/4601/80129/5357/1475/6659/1948/6662/3397/4430/863/7837/1968/6451/22903/10810/6658/80210/7020/6938/10099/3480/5046/5366/3487/1952/8991/51454/57007/55164/26018/4651/10769/357/8573/84909/27250/9231/2674/26353/55740/6566/1831/26053/8365/7033/7031/64699/205/323/4886/22836/10395/2852/116039/26130/1381/125058/54541/3667/6383/9022/7580/4071/2353/596/221037/794/9915/22843/57758/23283/22882/1960/23401/51363/23236/18/2188/57419/10336/4603/57402/12/9687/54898/22876/29902/65986/11254",140
"TBK1.DF_UP","TBK1.DF_UP","TBK1.DF_UP","188/5109","287/10922",7.4521172784779e-11,2.34741694272054e-09,1.67345791516697e-09,"4800/29916/55013/5329/637/25937/9765/23596/23200/6515/4804/9697/7030/79901/9886/5523/11343/22978/28962/1741/29887/1789/55287/1114/29965/54566/23031/3162/27349/23002/3705/4318/9837/5753/9388/8406/7355/56271/11151/4832/9100/55192/23080/10049/57037/6019/9562/8030/1845/54868/7126/2965/10635/2026/8732/5754/1839/23548/57415/79669/9540/90/10314/3554/80146/23178/66008/50999/23673/55686/7128/79695/64411/8795/5533/4952/5328/976/54436/192669/54629/7837/9885/2643/54453/1024/694/79616/9648/64759/55852/8027/152006/7280/9635/1847/3685/145389/3480/25800/3321/1382/7159/6279/6016/8560/57205/25816/4794/8601/29967/84909/57720/29982/818/23052/55216/26278/6695/388650/7079/26504/861/29/5316/29115/115/2135/10602/7039/285203/80149/11157/55568/26872/8323/4783/840/56935/1152/9710/440026/6809/79837/79850/23255/221749/1942/3576/6699/55454/8460/10746/29071/81831/10243/8462/11163/23333/23015/79666/2877/80205/10425/9792/55076/5627/10519/7127/4603/27445/4771/1364/8644/6399/309/57162/81031/140885/25829/4860/22876/100507436/80772/7844/23089/9907/11072",188
"CSR_EARLY_UP.V1_UP","CSR_EARLY_UP.V1_UP","CSR_EARLY_UP.V1_UP","110/5109","153/10922",2.01397699586664e-10,5.43773788883993e-09,3.8765271499388e-09,"51330/6482/51534/5329/5606/51491/168850/9564/57602/60488/83641/91283/865/51083/22894/3301/5829/3589/1832/4650/623/22919/30844/8767/84444/8178/6461/23560/10105/7358/24145/81566/2004/7803/1839/10802/10342/9136/23007/4691/10096/3241/6675/3399/2152/29126/6909/3624/60673/262/6615/6662/6597/5782/51105/11047/1736/57050/29889/55312/23670/4907/10253/56262/3159/5612/2542/8412/53371/122786/59274/9775/90874/126626/115265/54107/219333/285672/6921/7071/6566/6781/285761/143279/9188/51068/51621/7532/1503/92597/10276/6731/8325/7334/2624/8204/57621/6525/3840/81848/9883/5770/192134/4860/7150/221527/162073/10921/1147/2297",110
"RAF_UP.V1_UP","RAF_UP.V1_UP","RAF_UP.V1_UP","131/5109","193/10922",1.96650380740523e-09,4.64586524499484e-08,3.31200641247196e-08,"2534/10903/211/2730/960/5583/8863/9603/23596/23224/1316/4734/9891/5236/10403/3655/55357/64781/5836/51635/412/11151/23406/64131/3783/7138/7980/23554/2887/56913/57037/10367/8714/1839/5144/3694/25797/22848/2034/4610/5129/5311/8013/79695/4488/8835/1846/10133/10257/23157/81537/2770/8910/6303/55422/5468/9645/22800/79679/1824/26136/3915/7280/6386/1545/10144/3613/64762/114876/6279/51097/25816/23092/27242/1956/5631/55790/10205/51232/9781/831/55286/58494/1827/10020/11182/4041/55450/824/10602/6280/9076/57406/1230/50650/6286/3248/9317/9200/89797/10982/23102/51129/221749/2861/5734/7857/10892/2745/56892/115207/2624/10331/55526/64764/25825/7378/151011/7003/2760/4217/55742/51170/444/3897/3283/11138/5699/1052/23089/2119",131
"EGFR_UP.V1_DN","EGFR_UP.V1_DN","EGFR_UP.V1_DN","131/5109","196/10922",8.85093137903618e-09,1.8586955895976e-07,1.32505171522413e-07,"22875/56603/60481/50865/55635/51230/4052/5954/2581/55706/9130/3993/55094/5241/57613/22996/3983/24148/11201/6445/4832/1512/23312/23678/857/2887/2146/6505/56521/54894/1363/6711/55120/80303/3398/23683/7456/57535/4602/23314/1475/10124/8805/6491/1948/58495/3397/2537/51309/25913/4698/1123/79733/863/684/1968/80758/4147/6658/9315/2001/80210/83990/3832/79800/6744/839/11001/3480/29919/1952/55827/8416/51514/11000/51454/57007/54892/84909/56904/27250/2059/79682/2674/27295/1831/3017/8365/64699/51375/323/4886/22836/10395/2852/116039/56339/79170/624/10098/3667/596/794/10276/90806/23015/1960/8204/8334/23705/79184/3006/10388/9687/51427/8969/54898/10793/9747/7594/22876/26046/55251/23089/11254/8339/8344/8345/3012/8343/8357",131
"VEGF_A_UP.V1_DN","VEGF_A_UP.V1_DN","VEGF_A_UP.V1_DN","129/5109","193/10922",1.14430276922432e-08,2.16273223383396e-07,1.54179741537592e-07,"6542/996/23376/578/9497/23223/8975/55854/5255/5597/6400/51109/3161/10615/3835/55183/10403/332/10914/10762/8318/2289/8829/1033/9517/7443/5411/6102/2321/10940/4173/898/93436/4232/22943/7019/79080/867/84830/23195/7272/4001/10051/1058/9173/390/5906/5997/34/6675/5999/7347/7112/1271/262/1164/8202/1434/9208/9787/6049/4289/6303/1968/4131/5791/79572/891/26578/6885/10200/9493/9411/3832/471/1062/7090/22994/10733/8915/8490/7424/5756/26278/51351/22878/5922/23362/6103/701/7804/9133/9334/1636/3625/5984/4085/3673/26872/9188/11051/51367/10963/8754/5865/699/7360/5099/2861/6241/9156/7525/9852/23212/90355/91304/26155/7678/55660/80055/4644/444/7975/11177/9652/1719/8341/56242/3690",129
"LTE2_UP.V1_DN","LTE2_UP.V1_DN","LTE2_UP.V1_DN","130/5109","195/10922",1.28153105557837e-08,2.20190335913012e-07,1.56972224989504e-07,"5577/3909/5610/64761/841/1265/6672/3430/51083/771/55183/10795/8829/3956/25939/182/11201/9949/2000/7980/857/2887/6505/2218/9830/3959/4940/4256/10486/8614/3280/64135/2202/2274/7456/1647/23314/1475/79365/3397/2537/6049/25913/1123/863/684/4147/51761/1024/6658/1837/8638/51131/9314/7020/306/347902/9818/9107/3480/5046/29919/5366/185/4651/3547/7357/9536/4851/11098/23657/2674/5796/1105/27295/6782/29761/6566/1844/8365/79982/4886/22836/10395/2852/2669/4783/94134/9317/1381/89797/6890/11031/23255/4071/1826/596/221037/794/22843/6197/23283/1960/8204/8334/23236/11274/57419/3665/3434/8519/54737/9687/51427/7699/9612/8969/6840/54898/10793/7637/7594/22876/26046/55366/23089/10443/11254/8339/8357",130
"TBK1.DF_DN","TBK1.DF_DN","TBK1.DF_DN","178/5109","286/10922",7.34473605550295e-08,1.15679592874171e-06,8.24672118512612e-07,"996/79657/55703/23376/23633/8439/26009/23274/26064/54908/51773/10198/28996/2773/9748/865/10640/490/27125/10512/83737/5050/55183/6595/55322/25978/57613/51701/51650/23468/4436/9766/7443/9949/688/5611/55284/7993/3198/55149/22943/7019/6198/51747/51809/595/10114/51026/3157/4001/10007/4090/23527/3694/2591/9173/23683/4548/6018/5929/9928/8609/894/22936/3416/79646/4801/11019/11130/79183/8202/10564/56937/23326/51141/23767/3895/79717/55320/6535/7014/9475/60560/26298/5270/10253/51133/3557/56886/4957/7094/4750/2542/7057/102/54874/55032/29766/55435/51138/839/55500/9818/663/1039/114876/5366/8543/2803/54904/2040/9536/79980/54842/2697/55364/528/1836/55005/1633/571/23049/26060/10020/55450/79982/80155/3673/2957/5092/8065/2801/1398/29123/51129/3660/10098/59339/3987/51621/2353/55038/84864/167227/51134/3267/5936/55279/9134/7525/10949/50628/1104/8204/10159/6734/29110/23466/3434/6256/7003/57698/3006/1287/4128/4646/4763/6584/5154/4155/23607/65124/9747/23137/6048/26065/8148/84726",178
"CSR_LATE_UP.V1_UP","CSR_LATE_UP.V1_UP","CSR_LATE_UP.V1_UP","110/5109","166/10922",2.68655200369874e-07,3.70672180025673e-06,2.64249730121337e-06,"54443/10953/55706/5424/865/9319/9138/3835/2280/332/51726/3655/63967/990/8317/7078/10598/4522/4605/22919/81610/6611/7076/84056/4150/2997/4233/8662/2146/27075/4927/91057/6484/3875/2305/4172/51053/896/7372/10056/3749/4053/11130/5393/4502/84266/8089/7277/3092/10606/8520/7283/6627/1984/84250/8553/55143/26586/86/92856/25844/6941/10113/9123/1580/83540/29114/54107/140459/26091/4314/7424/93081/6921/112495/51728/10611/285761/195828/5702/84798/55872/1841/2237/3575/55276/983/3814/5036/81831/79801/1503/6241/11065/5708/10589/55884/2193/79077/64785/11200/2175/26155/51155/3146/4828/5557/7169/29902/29128",110
"STK33_NOMO_UP","STK33_NOMO_UP","STK33_NOMO_UP","178/5109","290/10922",2.93861605302367e-07,3.70672180025673e-06,2.64249730121337e-06,"6296/6482/9690/55727/8491/10771/25897/10863/4254/1316/602/5774/9891/28962/9706/57613/23645/25977/3383/55105/8829/11015/3162/9321/23253/22862/55284/10135/26959/3984/55664/1326/4013/24145/3587/4891/2651/135114/57561/80315/604/7474/6364/90/80219/3554/8942/390/2034/5997/57568/8564/2635/23673/6446/1843/5328/1959/60673/139231/6385/54210/1948/3553/79717/30817/7538/9732/9518/23558/85451/54453/5738/2012/10228/6041/51133/7280/8870/1847/10144/22822/9990/55917/6016/149111/388/79137/64651/57552/817/115265/54532/2768/84159/3176/55293/5756/143384/2697/25780/51128/10461/200014/23362/114907/57728/2005/8867/6781/7673/8878/11282/127943/284996/1293/8320/2919/94234/153222/81501/19/220213/143279/221079/161742/8879/4319/84419/64400/1398/90007/3575/3667/2353/9778/9788/3726/7857/9915/79660/10333/22845/2/7525/157807/79605/7056/1960/54813/10472/144811/9966/23705/7378/23764/57419/285513/677/151011/84981/84458/4312/55684/150737/1612/3914/57162/92689/444/2673/201475/5534/283131/168455/8693/8139/8339",178
"PRC2_EED_DN.V1_DN","PRC2_EED_DN.V1_DN","PRC2_EED_DN.V1_DN","125/5109","193/10922",2.94184269861645e-07,3.70672180025673e-06,2.64249730121337e-06,"6853/55727/7869/4007/10460/23649/25897/9967/10188/5424/9351/55388/11186/4171/2355/3991/51006/55663/790/4998/8438/57192/24137/63967/8318/23511/2289/6319/126353/27037/8940/3162/4174/80339/5905/4605/11151/65009/9013/7249/10295/55723/333/27113/25789/768/2584/8825/2735/2026/5144/51294/5210/2771/5129/64858/2733/3070/2185/64794/7517/50809/54795/23404/84951/54496/55643/55143/9415/64780/3300/9394/4957/9493/409/22994/9064/3707/10318/9258/26007/3619/2241/7402/5261/701/8208/23400/4047/11182/9401/80174/80178/51005/3625/5364/23132/1849/79778/81501/29763/5598/5347/10449/4597/2194/55222/79834/5091/3728/55690/55057/11145/8325/26233/3638/5365/10919/7407/81890/6494/8906/79680/5098/115290",125
"CAMP_UP.V1_DN","CAMP_UP.V1_DN","CAMP_UP.V1_DN","128/5109","199/10922",3.77420253848661e-07,4.4582767485873e-06,3.17827582188346e-06,"221981/3720/3423/330/2530/7077/1112/10079/57602/639/493/6894/6515/1975/4199/490/9448/10129/3566/6626/3320/9689/3301/8655/23231/7430/3983/23481/5594/23551/394/4773/8848/65009/7082/10397/54758/3783/57030/9644/57178/7343/27346/3312/2026/57515/60468/5210/2744/3488/3398/894/9991/5047/10396/6239/9208/5911/2354/3704/7277/7538/9590/4628/301/64114/80727/6812/347733/23344/162427/473/55827/817/5066/78991/6129/9231/1977/667/56978/23576/2776/10069/2114/65018/162989/196264/6427/113802/6565/55536/2669/840/92181/10963/11031/3575/10098/3094/84640/26115/5569/55669/83660/55970/1605/6599/253959/9920/51363/7325/8303/4674/27445/3638/613/4673/26059/10383/23365/57162/801/3303/7917/134111/10381/80022",128
"STK33_UP","STK33_UP","STK33_UP","174/5109","285/10922",6.59514689546092e-07,7.33225154848302e-06,5.2271133289102e-06,"7035/6296/928/55727/8491/10771/25897/10863/4254/1316/602/79901/27125/9891/28962/23645/25977/3383/55105/8829/3162/23002/9321/23253/22862/90427/55284/64089/7980/10135/26959/3955/3984/55664/64115/4013/24145/3587/1027/135114/11120/1839/57561/80315/604/7474/90/80219/8942/390/127544/5997/57568/8564/2635/23673/6446/1843/29103/1958/5328/1959/54210/1026/6310/3553/79717/7538/9732/9518/23558/85451/54453/9398/2012/301/948/5570/10228/132864/54874/1847/26035/22822/10161/145389/9990/597/123920/29922/6016/149111/388/65065/64651/57552/54532/9586/133/84159/3176/23657/5756/283635/196394/143384/2697/25780/51351/200014/389/142891/57728/8867/6781/7673/8878/284996/9076/1293/201895/2919/92255/94234/153222/94241/19/137835/220213/221079/161742/84419/64400/1398/90007/2353/9306/9788/3726/7857/10221/10333/157807/56975/7056/1960/54813/10472/8334/283554/9966/7378/1850/23764/285513/677/151011/84981/84458/55959/4312/150737/1612/8356/57162/444/2673/201475/5534/7124/168455/8693/8139/8339",174
"RB_P107_DN.V1_UP","RB_P107_DN.V1_UP","RB_P107_DN.V1_UP","88/5109","130/10922",1.04616512073391e-06,1.0984733767706e-05,7.83094359379767e-06,"5982/5424/4171/51512/645/24137/23594/8318/4174/5427/10732/994/1869/55723/898/3978/94239/6119/7306/3959/1277/975/5985/51053/55120/3925/6118/1843/23397/10549/64105/1017/4016/79733/1028/140700/1289/7283/6117/5111/29107/5983/6941/11270/1763/5371/4240/60681/1291/1292/5558/84296/3619/116372/120224/64946/8208/256126/899/124222/2199/4085/2200/4176/348093/6240/2237/284004/6241/6623/9134/5426/633/3932/18/10078/10572/5757/51393/2175/6275/5557/11169/3151/9937/84501/23234/1719",88
"E2F1_UP.V1_DN","E2F1_UP.V1_DN","E2F1_UP.V1_DN","119/5109","187/10922",2.15455462251868e-06,2.14321486134753e-05,1.52788361042876e-05,"51474/2065/489/3991/5742/3983/1153/339665/7494/10484/23613/57761/65009/6810/6505/6945/51274/81622/6484/1374/4891/23195/2690/3157/604/6242/10297/1796/3554/9173/5321/1647/5997/2152/57035/54996/6446/894/7043/60370/84947/3709/9367/6590/6615/860/718/101410538/435/53947/84962/23149/140700/6535/50717/272/4853/301/57224/26056/10010/4609/4926/1545/3417/5530/22822/115825/29919/9213/4170/57007/55502/26018/64332/10769/90933/123/2040/3606/2059/2674/8703/2634/824/80232/323/2919/80149/153222/6619/6778/51129/7148/6774/11346/10869/253558/81490/57804/9659/55076/5912/1435/10509/22821/7328/51399/961/160760/307/29950/104/955/7052/3133/790955/1945/283131",119
"CAMP_UP.V1_UP","CAMP_UP.V1_UP","CAMP_UP.V1_UP","126/5109","200/10922",2.36317228698327e-06,2.23319781119919e-05,1.59203185649399e-05,"292/211/3309/25875/29927/57609/55062/4799/23645/16/22861/51310/8086/6732/171568/1209/6142/11316/7980/95681/5193/23321/9693/506/22818/10475/3313/80315/23007/6747/55683/51011/3069/10625/8674/51569/64374/64786/4835/4502/11190/83667/55829/7818/57511/55748/80017/517/4711/4609/51754/23070/10211/29088/89941/112483/5366/10410/8991/10456/375/29920/29926/92399/226/3192/23043/51582/5018/6396/4720/84134/25946/54987/4116/1293/476/25898/6184/3148/4085/195828/122769/64745/57447/115708/1381/81565/7184/5479/2923/81605/90007/10036/4723/10768/3576/3987/2353/5036/1798/10524/2745/26996/9416/8607/9659/9500/54494/10193/9798/7378/254887/54732/5034/8519/9361/5557/89894/548596/60674/9674/23559/2119/27350/552889",126
"ERBB2_UP.V1_DN","ERBB2_UP.V1_DN","ERBB2_UP.V1_DN","124/5109","197/10922",3.0289187911508e-06,2.72602691203572e-05,1.94336644244262e-05,"56603/6542/79657/5577/8491/55635/55236/6873/51018/55183/5205/4528/22996/3912/4436/3983/51012/23253/11201/7980/857/2218/23189/9126/64151/10635/4256/9847/26271/7272/1894/64135/23301/2274/3398/7456/54955/50999/4602/80264/6491/81579/2537/51309/684/1968/4147/29889/64844/51133/4609/26953/9411/6741/6744/306/1062/839/347902/10150/3480/55197/29919/54877/5366/10733/51514/51454/2803/26018/79624/84909/60496/2674/26353/1070/1105/9653/7071/6782/1836/7074/51001/79982/4085/4886/80155/22836/9263/10395/2852/8065/11031/23255/8754/3667/9022/4071/596/51030/794/253959/23015/80010/1960/8204/3665/4603/3434/10308/9687/51427/112479/25788/55035/7637/7594/22876/26046/29902/65986/79441/23089/11254",124
"P53_DN.V1_UP","P53_DN.V1_UP","P53_DN.V1_UP","121/5109","194/10922",7.63069843315809e-06,6.55546365394036e-05,4.67334640882409e-05,"22875/928/2534/4052/1112/5307/8218/2011/10529/5794/10403/1832/51100/126353/23002/2000/6102/688/57214/11339/25999/51599/4232/10551/196/22943/374/1363/3875/8099/5467/202/5754/7433/2202/2274/4610/2152/5493/4072/847/10124/5328/26994/6385/1948/3659/6662/7408/7277/4016/1032/5468/10267/3691/51308/22800/8536/4212/1824/301/2752/10253/9805/10413/8412/26509/51196/8915/26018/10184/7162/1956/6567/7739/133/3606/51232/3628/9910/23057/26053/563/9249/7398/3625/2199/323/6286/3673/10085/2898/1365/558/10653/3816/3489/7001/136/7857/3913/10524/1474/7525/254531/56998/161291/4070/23764/7026/169611/4312/4217/1305/51710/10497/5268/8420/100133941/5645/3012",121
"MEK_UP.V1_DN","MEK_UP.V1_DN","MEK_UP.V1_DN","120/5109","193/10922",1.032126757458e-05,8.4813894417201e-05,6.04632608487983e-05,"56603/7035/5577/60481/2581/841/6873/5378/6672/3430/5205/5241/4528/22996/29887/3983/51012/25939/11201/51566/6445/23475/54332/7980/2218/9830/9562/54894/9120/4940/4256/64135/3398/7456/57535/4602/23314/79887/1475/51141/2537/51309/25913/1123/684/51690/6658/29889/9315/8638/51133/4609/6744/55032/347902/6938/3480/55197/29919/55827/8416/6279/2803/26018/84909/27250/9871/2674/26353/1070/1836/55005/26053/8365/323/4886/22836/10395/2852/56339/9317/6890/23255/4071/596/221037/794/10924/253959/90806/23015/1960/8204/8334/5121/11274/3665/4603/3434/8519/57698/3006/10388/9687/51427/7699/8969/55035/7637/7594/22876/26046/65986/11254/8339/8344/8345/3012/8343/8357",120
"CORDENONSI_YAP_CONSERVED_SIGNATURE","CORDENONSI_YAP_CONSERVED_SIGNATURE","CORDENONSI_YAP_CONSERVED_SIGNATURE","43/5109","58/10922",2.01790620962745e-05,0.000158910114008161,0.000113285962645751,"3074/3161/6624/3693/332/26227/7042/4616/10397/63898/3268/5054/5376/51421/1894/2744/991/3925/1063/6446/1490/1843/64236/1031/1854/7153/8836/7057/10099/51232/50807/23576/3689/10395/558/7083/1285/79801/2621/2316/7052/2013/2119",43
"RPS14_DN.V1_DN","RPS14_DN.V1_DN","RPS14_DN.V1_DN","114/5109","186/10922",4.25662621145404e-05,0.000321800941585925,0.000229409749501523,"29116/10046/55635/4285/51154/55706/5424/55388/51083/6710/9319/79901/1183/54475/5909/790/4998/23348/990/4436/23481/4174/4605/2639/3268/2022/56652/55149/83461/8078/26271/222658/2030/10112/1894/55240/991/4072/23397/51116/1621/3397/9787/79094/79733/482/51337/6535/51659/7283/4628/28992/3601/9700/1317/7280/347733/23650/9493/27229/1062/55466/1039/11004/8490/8444/210/4288/8501/3619/166647/29028/9133/116987/2140/2035/875/54865/56992/5347/63826/51293/7083/55872/79628/9185/83660/94009/79694/55222/5091/9156/3177/8877/6470/23212/50628/5831/54821/6274/25959/79366/4194/9824/11153/7052/7407/55366/2013/56967/6234/51236/283459/80179",114
"GCNP_SHH_UP_LATE.V1_UP","GCNP_SHH_UP_LATE.V1_UP","GCNP_SHH_UP_LATE.V1_UP","111/5109","181/10922",5.15618793712503e-05,0.000374815200044858,0.00026720326151903,"7005/23649/51154/55388/23198/9319/3993/27332/7374/56889/7514/6790/9962/4174/51804/11083/10528/9057/4173/3978/8661/117246/51747/7531/23195/2030/10051/55233/79745/2591/10625/2494/4602/894/54454/8835/8743/5290/10212/1757/1164/4821/9787/1678/1315/79733/3169/55320/151648/5819/4861/51132/29893/7153/55037/4017/6885/9924/6426/10592/58472/80204/29766/8451/122786/122830/11004/1580/83879/83939/10769/28989/3619/1111/3192/10428/995/5116/4116/2634/26225/6259/80155/84340/54468/25820/144100/3481/6240/7083/6383/983/5272/1184/6241/7064/1674/666/9212/25994/4869/11261/57697/10772/29966/837/54898/10471/441376/1654/3833",111
"KRAS.DF.V1_UP","KRAS.DF.V1_UP","KRAS.DF.V1_UP","116/5109","191/10922",6.45972728253307e-05,0.000436507015425242,0.000311182946112119,"81691/9961/1774/2530/9497/54884/10079/55711/3430/602/37/22839/6604/26575/1808/8829/9252/10544/23613/6789/8406/6594/56271/11151/65990/23475/6810/55284/10226/2109/7980/54504/5054/22943/3959/230/2004/604/6364/9540/9173/5997/64236/847/3624/5328/5552/976/650/23767/9787/5880/79733/7837/54958/9590/9945/2643/4017/1643/9415/10253/7097/55500/11226/9064/5793/1030/9651/79980/7424/9871/654/26207/1836/7079/7804/978/10020/2539/1293/2919/50650/6286/26872/501/65084/28227/4054/10098/8623/3576/1138/4071/51282/3669/2745/254102/55279/79783/26873/9212/6525/3434/8519/1806/8644/4312/57730/6583/57162/81031/444/22876/11138/25907",116
"AKT_UP_MTOR_DN.V1_UP","AKT_UP_MTOR_DN.V1_UP","AKT_UP_MTOR_DN.V1_UP","109/5109","178/10922",6.55060209913587e-05,0.000436507015425242,0.000311182946112119,"5444/51573/51330/9961/89801/3918/10347/1316/5165/11186/23446/4791/1906/55287/54997/51430/610/23541/25809/51199/5836/5641/2321/51760/54793/8178/5445/54926/10367/25984/51655/10493/4355/230/1363/10846/1839/79669/2820/3554/1718/127544/10286/656/1843/1948/53947/9513/4298/7187/6533/2643/23416/56649/102/91947/5202/55061/11221/6279/10769/56169/1030/5795/5058/10205/116372/7071/8365/4047/58191/205/57216/2919/8645/4783/84270/29763/8879/57494/8000/10791/25849/23119/2990/136/9306/3726/116844/1826/1717/49854/5936/128439/286262/8877/284207/155061/10193/25825/56941/4070/1850/3434/64222/1604/64771/83699/4758",109
"SINGH_KRAS_DEPENDENCY_SIGNATURE","SINGH_KRAS_DEPENDENCY_SIGNATURE","SINGH_KRAS_DEPENDENCY_SIGNATURE","18/5109","20/10922",6.69772669171007e-05,0.000436507015425242,0.000311182946112119,"64063/3909/3918/27071/374/10045/272/84985/120224/3898/7039/4486/195814/1366/79098/10509/4128/135398",18
"E2F1_UP.V1_UP","E2F1_UP.V1_UP","E2F1_UP.V1_UP","114/5109","188/10922",8.17249552514435e-05,0.000514867218084094,0.000367045413059115,"79602/23649/3149/54969/10076/55388/1994/3796/11099/9138/29089/51729/790/55573/26277/79956/55245/10528/9663/1478/3839/9100/4173/83743/2146/23185/7019/8153/30850/57649/9600/1871/7422/4437/4001/3836/3280/6429/10625/29855/4601/8835/23397/6491/29078/27161/400961/9477/1948/9787/79939/54982/79733/151648/7187/7153/2926/92154/4678/377/10592/5292/1763/4664/675/79720/162494/10733/7371/142/6574/1745/9879/5558/80728/1111/25819/4681/8208/91010/132160/5277/840/5090/6240/7083/2237/134218/283899/699/596/7064/4296/254263/55690/666/8851/7298/9212/161882/79077/23401/768211/2842/23048/57697/51466/100/140885/7169/11169/4215/3833/6880",114
"RB_DN.V1_UP","RB_DN.V1_UP","RB_DN.V1_UP","75/5109","117/10922",0.000111702863531608,0.000681027135724965,0.000485499712463356,"1774/4361/2730/9187/54962/29089/8438/9183/8086/11020/5427/191/6594/10273/898/9253/27113/7306/5889/6484/54682/8914/3280/9048/3925/22835/113452/5395/8744/58495/3397/8520/54982/83549/1786/7283/6117/6616/5111/29107/5983/4193/29988/4609/1763/57575/90527/2886/2052/58190/115265/26007/6695/5603/347734/9592/132160/2203/4176/51181/6241/2015/9134/57804/11253/10572/55959/23654/100/5094/5557/51451/23234/57026/84311",75
"RB_DN.V1_DN","RB_DN.V1_DN","RB_DN.V1_DN","78/5109","123/10922",0.000139289273083411,0.000822677269148896,0.000586481149824889,"928/9961/2273/960/3371/3309/27122/6307/3918/3998/9620/5362/79876/8655/5720/5155/5721/10484/4318/79576/171177/10397/6713/857/56647/9570/9267/5573/4739/50805/3977/8614/1647/5033/7277/64101/79094/684/283120/10487/9645/8553/90865/4322/5045/79631/6187/757/57007/55281/8038/25819/1977/10654/2150/57462/4783/2706/399665/54541/22809/131616/9637/51112/155465/10409/91663/53637/64764/80781/11274/375790/140576/3914/2316/309/5699/11072",78
"RB_P130_DN.V1_DN","RB_P130_DN.V1_DN","RB_P130_DN.V1_DN","84/5109","135/10922",0.000203177801636503,0.00116365468209997,0.000829561678133091,"80256/7812/10953/8635/5954/2773/3422/7813/1781/55614/2568/1832/10484/79153/80208/171177/23080/7421/3977/4691/6772/1647/10765/6513/9429/1191/79887/8894/1315/6249/2799/8796/64215/4664/3417/83666/83478/55132/839/91947/81607/23219/9879/55281/203228/114908/10670/26060/23515/3099/64216/80232/285203/201895/1508/57462/2706/5654/374868/567/6778/5653/55031/55669/664/9632/79415/253832/10159/11274/338785/3916/55629/79754/441478/830/3304/6643/54978/1654/60674/402778/283131/57223",84
"TGFB_UP.V1_UP","TGFB_UP.V1_UP","TGFB_UP.V1_UP","112/5109","189/10922",0.000343164310583436,0.00190758984412557,0.00135990810386006,"56603/53616/1591/286/5128/23210/3340/1906/54498/23186/7066/3589/126353/4616/23541/5155/9388/9767/28984/9057/23205/3783/10848/23189/9267/23531/5376/9693/2004/5467/7942/3373/3694/9173/2043/127544/3399/10849/8609/6446/1490/22936/4053/6615/56937/400961/58495/3976/9590/84951/23135/8553/1573/6926/80759/6498/9314/54874/79800/7090/388/25816/81555/29967/1030/10205/116372/58494/7071/1836/23648/2114/6781/9619/3678/54361/2150/10395/94134/25841/55323/23102/221749/3667/5209/79905/9306/5569/3726/50515/2244/80176/221037/10221/23333/55279/1474/23529/22877/8877/23141/6525/677/6274/9612/57591/3269/5154/57154/9853/1454/2297",112
"CSR_LATE_UP.V1_DN","CSR_LATE_UP.V1_DN","CSR_LATE_UP.V1_DN","89/5109","147/10922",0.000508840657169651,0.00274773954871612,0.00195884523662302,"10046/6307/4199/3422/59277/2222/3476/6319/79956/23313/23475/1891/2051/2737/6309/84680/5002/3157/3156/5228/114818/84795/576/84293/55809/3553/5447/3949/94240/11161/23175/1643/9415/5025/55332/23452/54536/8654/8915/148932/285362/26018/4794/27147/2934/25891/3992/196463/6868/2674/3087/147463/571/1831/4047/2232/148423/79762/5584/134429/134147/94241/54704/23102/112476/4597/2495/7148/6439/10791/136/23566/6641/1717/26960/8722/25987/2621/55328/169611/8660/3638/57698/25894/4311/1803/3897/57189/6648",89
"BCAT_GDS748_UP","BCAT_GDS748_UP","BCAT_GDS748_UP","34/5109","48/10922",0.000626405263590581,0.00328862763385055,0.00234444075261972,"5318/25805/8406/23406/2184/23516/4739/202/5144/79669/9540/55041/25797/4602/4488/2571/10912/2643/842/3680/84909/3087/23576/8324/861/80150/360/6520/1051/7334/115207/7262/2650/10447",34
"STK33_SKM_UP","STK33_SKM_UP","STK33_SKM_UP","156/5109","278/10922",0.000977739491997065,0.00499439902668771,0.00356047382576456,"7035/928/55727/25897/10863/4254/4084/1316/7813/602/79901/27125/58476/546/25977/27128/3956/3162/23002/9321/4792/9949/28984/90427/50804/55284/64089/7980/10135/3955/55664/64115/59/3587/10019/8099/135114/1839/57561/80315/57669/390/54206/127544/5997/965/57568/8564/2635/23673/6446/1843/29103/1958/84947/5328/8970/1026/3659/3553/79717/7538/29767/1028/85451/9398/301/948/5570/10228/84804/6498/132864/54874/1847/55329/22822/10161/145389/9990/597/123920/6016/388/65065/64332/114885/10769/27242/9586/133/84159/23657/5756/283635/196394/25780/51351/284161/389/142891/57728/3017/8365/8878/2634/9076/201895/114625/92255/153222/4982/94241/137835/221079/1398/90007/2353/3726/10221/64802/10333/55196/131408/56975/7056/54813/8334/283554/7378/1850/7127/84981/10388/84458/55959/23654/150737/8969/91120/8356/89848/65124/444/9848/11138/9534/55333/7124/255403/8339/338382/3012/8968/8357/8358",156
"PDGF_UP.V1_UP","PDGF_UP.V1_UP","PDGF_UP.V1_UP","87/5109","146/10922",0.00118445765630467,0.00589111834319955,0.0041997390583656,"81887/6047/9759/10294/5597/6793/56650/7188/7430/990/6634/9929/5706/65009/284352/898/55702/2109/7980/4669/374/26610/24145/8567/4739/57515/7922/55233/3069/127544/1647/6675/54454/25940/1958/3624/1026/57343/57050/22880/9816/26953/2230/1847/317662/8720/8560/6574/85458/9320/7071/2114/84124/26027/9672/6314/5702/8800/4665/23339/51031/54541/8754/2353/5209/3777/8941/5394/3267/8061/9920/1960/10472/64963/23545/23299/151011/200424/10447/54898/23237/6526/830/2794/6311/9277/25907",87
"AKT_UP.V1_UP","AKT_UP.V1_UP","AKT_UP.V1_UP","99/5109","169/10922",0.00126346392060326,0.0061229405383081,0.00436500355835944,"51573/51330/637/5583/89801/6307/10347/5214/3422/1316/5165/11186/9618/1906/2222/5550/55287/54997/51430/23541/5836/5641/2321/4324/51760/171177/5445/219699/10367/25984/10493/230/79669/2820/3554/1718/6513/2805/23597/51141/9513/3949/6533/2643/1742/56649/102/11221/10769/56169/1030/54107/5795/5058/10205/5784/5163/8365/4047/58191/205/8645/2171/4783/84270/118881/29763/8879/57494/8000/10791/25849/6698/23119/2990/136/9306/116844/1717/128439/148808/11065/286262/2877/8877/284207/25825/4070/10801/3434/64222/138428/51155/57402/1604/30001/83699/4758/11254",99
"MEL18_DN.V1_UP","MEL18_DN.V1_UP","MEL18_DN.V1_UP","84/5109","141/10922",0.00144133265753043,0.00681029680683128,0.00485501526747092,"3675/5329/1663/7075/51083/771/27092/1906/63967/7042/3710/8829/25777/5834/28231/182/4324/6804/9120/595/10536/2784/7422/2030/1839/8614/79669/5361/10057/55240/23046/2152/3624/976/56937/6239/8744/3976/51200/9945/8728/4907/3936/83729/5045/1969/1893/26018/10184/7436/8038/133/7424/23657/25966/23400/11182/3678/9076/2919/80149/8323/54541/6890/624/3575/3037/50515/55092/22885/6573/8061/2827/1435/375790/3117/3914/6583/1305/955/30001/444/100507436/3995",84
"CYCLIN_D1_KE_.V1_UP","CYCLIN_D1_KE_.V1_UP","CYCLIN_D1_KE_.V1_UP","108/5109","188/10922",0.00197772168693017,0.00905747564251267,0.00645701410326718,"51230/7204/5424/8514/5774/224/3028/4140/2355/8527/3835/5794/5351/372/3983/2687/9647/91289/23170/9663/5432/4324/8312/7249/196/5532/30850/6484/2735/4055/1611/2771/6364/9784/2274/607/2805/10808/1846/5585/4778/6631/1026/6310/3397/8242/7905/1984/1837/3703/5630/10024/10200/5279/10238/8027/9314/7020/5330/2644/10669/1847/10063/6938/1039/3607/1969/3339/7851/4249/7545/5261/2114/861/7791/2264/7048/1040/5479/2875/5653/11031/2813/1043/1138/7064/10524/1263/7056/1960/80781/6525/2972/1762/8519/10991/6829/4122/6273/10447/3304/7916/1874/7866/4586/1052/3833/7703",108
"PGF_UP.V1_UP","PGF_UP.V1_UP","PGF_UP.V1_UP","109/5109","190/10922",0.00201277236500282,0.00905747564251267,0.00645701410326718,"996/221981/5980/51360/23376/4285/9497/26009/175/27067/4052/23224/6416/5597/4925/51109/2011/489/131544/55183/11342/81550/23139/25977/10914/10795/114882/3091/79882/9321/5611/6367/8767/93436/7980/9126/1362/51567/10973/10051/11235/2888/2677/9173/5906/5321/5997/10286/3964/34/50999/23469/8743/10124/57213/6049/5189/5471/4289/4189/25847/6303/1968/79572/55312/9857/23325/64844/4750/145389/22823/5756/26278/25780/51351/140890/9653/6782/571/6103/23382/4116/23272/3673/221154/4319/8754/7360/3799/2861/4534/794/167227/254531/23212/91304/80055/23607/50618/7975/9652/259230/23012/9674/23761/11037/56137/9236/6880",109
"LEF1_UP.V1_DN","LEF1_UP.V1_DN","LEF1_UP.V1_DN","107/5109","187/10922",0.00247320098586219,0.0108705810773943,0.00774956490062081,"6405/56603/51573/9961/53832/5874/5652/23596/2581/22998/9187/10325/54930/28978/1690/79153/51090/4832/54985/1512/23312/5157/10551/6505/4126/1363/5002/54682/4940/7915/202/83989/6364/2888/80303/3399/1490/79695/847/10396/1948/3397/5880/3169/54795/6451/10401/2947/1573/26298/64759/90865/6653/1545/7168/4240/64762/79932/481/8991/7552/5058/85458/3606/9781/5352/54463/10481/7031/64699/51149/79762/1999/5783/54502/27012/23423/65084/80221/79170/25837/956/624/4071/25924/11162/9338/79694/10924/9966/5121/5627/11274/64757/57402/8644/487/55684/1612/51703/1803/9060/10919/5644/6414/8790/79873",107
"E2F3_UP.V1_UP","E2F3_UP.V1_UP","E2F3_UP.V1_UP","108/5109","190/10922",0.00317326741107099,0.0133277231264982,0.00950124511385,"6853/65078/25791/2261/65055/7374/29887/55964/5427/51016/9837/1917/4324/9738/56704/898/27106/51655/27346/2026/4602/64858/9429/22835/576/1959/1031/286336/5300/9143/146330/2571/29767/1028/83855/3110/4861/529/2643/5111/79022/8739/84915/11001/90378/51514/11000/84451/7483/9258/81928/84304/23576/1633/7074/29028/84885/116238/9401/79622/3625/3248/23462/80318/195828/144455/56935/25837/29901/2237/10098/201255/3790/11076/154141/26996/79683/8534/9134/8851/5426/81575/10194/253650/283554/84206/254887/80757/140707/149175/339983/5727/146760/387763/2175/388228/140688/51734/84456/1122/134111/57026/23089/1050/25907/85358/2297/92659",108
"HOXA9_DN.V1_DN","HOXA9_DN.V1_DN","HOXA9_DN.V1_DN","108/5109","190/10922",0.00317326741107099,0.0133277231264982,0.00950124511385,"6542/9918/55/10953/6307/55706/6515/55388/6720/3998/54962/56915/56681/3693/8895/4998/55668/8812/8318/990/2289/1690/9837/57761/6713/1891/3202/2887/230/23329/222658/7915/2030/3157/55374/3156/6747/55120/3485/10849/3070/1958/27161/4430/79733/23558/55544/51164/28992/11161/8553/4853/79022/9415/29923/26136/10253/8027/55165/675/55215/10733/2212/6004/5558/84296/133/3992/2059/9781/60485/5163/3087/7545/4900/29028/1831/875/4047/55765/1849/22836/256987/8323/6619/11168/9317/9200/4597/81620/22809/10477/1717/3310/10276/3177/6470/5198/9582/55076/64785/64853/30001/79366/9824/114044/2189/8358",108
"MYC_UP.V1_UP","MYC_UP.V1_UP","MYC_UP.V1_UP","102/5109","181/10922",0.00576281622397946,0.0236776579637417,0.0168796447750428,"81887/4234/23223/51154/55850/84649/51018/4335/54475/7374/8527/56915/25929/8602/54517/23481/10598/54976/11040/10166/56704/55621/7087/10367/56652/27346/9136/3336/10056/271/5321/10849/26094/29914/256051/84292/29078/5393/10257/30817/83855/80758/64425/10669/6652/11001/5373/10650/94015/10609/115286/23082/23171/118491/4325/51001/56896/1844/124093/64216/84315/222962/55536/65083/84881/169714/115752/84798/51293/29901/79663/2813/2353/90161/53342/3310/6573/153364/29952/79751/1662/201164/79077/54952/126382/152579/220323/10078/116447/130574/346689/147923/6281/80742/29902/542767/81890/29803/10195/729993/400916/284098",102
"BMI1_DN.V1_UP","BMI1_DN.V1_UP","BMI1_DN.V1_UP","84/5109","147/10922",0.00712766196334691,0.0286623002355865,0.0204331630752162,"3675/9052/7204/7075/51083/5362/2260/1906/3732/63967/7042/7078/28231/182/4324/6804/59/22943/595/24145/10536/653/2030/1839/8614/6364/3694/3749/6513/2152/3624/976/56937/8744/3976/3872/51200/9945/4907/2583/3936/8884/306/83729/4240/5045/1969/57007/26018/10184/7436/8038/4314/7424/23400/11182/3678/4041/9249/9076/2919/19/79850/6890/624/3575/3037/50515/55092/81839/6573/115123/3177/56892/2242/1435/79581/375790/3914/1305/140885/444/100507436/3995",84
"ESC_V6.5_UP_LATE.V1_DN","ESC_V6.5_UP_LATE.V1_DN","ESC_V6.5_UP_LATE.V1_DN","100/5109","179/10922",0.00866948651510004,0.0341361031532064,0.0243354007441405,"79017/637/23223/55781/51660/55588/602/27071/32/27292/3383/25776/23492/26164/57761/10005/5422/7076/9013/2997/1891/57716/57664/93436/5054/20/54906/117246/4126/2735/4256/23195/7942/4015/9136/57448/1647/22868/6446/64858/2103/60370/79886/51569/81930/3624/79094/79733/126299/3958/2012/301/9314/4609/3032/51163/11001/94015/201456/8444/84524/9203/79691/404550/58494/23522/162989/54865/3625/84283/2199/5245/84798/51129/4071/53838/51013/49854/1263/1212/2810/2118/26471/2877/284119/633/3932/56941/162239/375287/10509/317781/81848/2707/6275/100/6277/9277/10381/100170841",100
"STK33_DN","STK33_DN","STK33_DN","151/5109","280/10922",0.00898151824835884,0.0346429989579555,0.024696763389687,"5577/84058/55703/7414/1829/5291/26999/5424/57418/4756/51018/8218/11320/29953/10998/790/56265/84144/6319/3983/688/65990/29904/5157/56704/11184/5425/54619/27143/57460/54682/56994/9750/2178/202/8614/5096/84836/26084/23007/51011/4548/3399/10327/8503/54996/55686/23314/79695/79946/5357/8743/2322/4778/23363/6590/435/54832/4147/84327/1024/23164/9645/80759/8676/55316/2542/150864/306/6457/114876/10609/84958/6004/84451/129804/55502/6988/80854/25816/135293/113115/2620/8525/8501/23052/9781/5213/831/23576/404550/54463/55529/114928/978/203547/2232/55260/10380/79762/10602/323/2706/5979/9702/84706/5092/352909/157638/388969/6419/26115/23566/57687/596/53342/8658/116028/153364/9920/767/144348/401097/222166/387914/55076/25825/3932/202243/84133/254887/7026/64757/84842/90624/346689/91373/55753/114112/1122/340527/7923/7407/403313/90861/79680/387882/51236/10687/284098/79154",151
"LEF1_UP.V1_UP","LEF1_UP.V1_UP","LEF1_UP.V1_UP","107/5109","194/10922",0.0111661144702467,0.0414954159387057,0.0295818058488127,"60481/2273/51177/7431/3755/7133/6515/4129/79901/1114/393/3589/3956/3002/655/4923/28984/3783/5054/2625/10367/22943/25984/2004/8614/1627/7474/2335/9486/894/4053/7852/1959/23363/56937/30817/4016/64097/2258/6535/9590/55107/4131/10763/10810/9201/23037/2012/8728/5630/347733/64220/83729/2774/1291/1382/5631/3992/80014/23057/26053/978/7062/875/2020/55503/558/3489/2786/4920/2705/23414/112464/3037/50515/6919/23612/8061/115207/10620/1960/8204/3932/6331/3768/4753/6585/23048/51393/6274/4128/6275/6273/5154/23237/6526/3897/7052/3303/3887/79958/7693/56967/9936/25907/59348/115290",107
"SIRNA_EIF4GI_UP","SIRNA_EIF4GI_UP","SIRNA_EIF4GI_UP","56/5109","95/10922",0.011197175729492,0.0414954159387057,0.0295818058488127,"51056/292/7812/9918/25875/55726/3796/5250/5720/25777/5836/51016/1512/7138/9512/3315/79009/64065/10884/10575/1434/23111/3032/23344/7385/22980/10939/9869/4841/2746/678/375056/7508/55005/476/5783/819/501/3635/6699/6698/7324/1605/79783/23403/27335/1728/23401/57402/3482/5660/79600/9189/1052/3106/23741",56
"GCNP_SHH_UP_EARLY.V1_UP","GCNP_SHH_UP_EARLY.V1_UP","GCNP_SHH_UP_EARLY.V1_UP","96/5109","173/10922",0.012658936384115,0.0460103649345718,0.0328004829385976,"7095/1185/54799/54443/23649/4361/26009/54908/23095/4913/55388/27125/9138/29089/8028/7514/3842/23047/81929/6790/9962/24137/26277/55105/54566/4174/55245/10735/56271/5611/28984/1723/80381/7087/54619/117246/51747/23360/28960/2965/57122/1871/79745/7072/90231/4602/84078/1164/65109/79939/79733/151648/547/9113/51132/7153/85415/4017/23456/6426/10592/65005/51631/1111/4685/51582/6464/9672/26225/6259/90826/221937/57494/6240/3761/2237/64859/200933/8061/7298/9212/10293/1435/159013/4673/10772/1604/29966/54898/6815/1733/5500/1719/3833/90120/7844",96
